season,round,race_name,driver_id,driver_name,constructor_id,constructor_name,qualifying_position,Q1,Q2,Q3
2025,1,Australian Grand Prix,norris,Lando Norris,mclaren,McLaren,1.0,0 days 00:01:15.912000,0 days 00:01:15.415000,0 days 00:01:15.096000
2025,1,Australian Grand Prix,piastri,Oscar Piastri,mclaren,McLaren,2.0,0 days 00:01:16.062000,0 days 00:01:15.468000,0 days 00:01:15.180000
2025,1,Australian Grand Prix,max_verstappen,Max Verstappen,red_bull,Red Bull Racing,3.0,0 days 00:01:16.018000,0 days 00:01:15.565000,0 days 00:01:15.481000
2025,1,Australian Grand Prix,russell,George Russell,mercedes,Mercedes,4.0,0 days 00:01:15.971000,0 days 00:01:15.798000,0 days 00:01:15.546000
2025,1,Australian Grand Prix,tsunoda,Yuki Tsunoda,rb,Racing Bulls,5.0,0 days 00:01:16.225000,0 days 00:01:16.009000,0 days 00:01:15.670000
2025,1,Australian Grand Prix,albon,Alexander Albon,williams,Williams,6.0,0 days 00:01:16.245000,0 days 00:01:16.017000,0 days 00:01:15.737000
2025,1,Australian Grand Prix,leclerc,Charles Leclerc,ferrari,Ferrari,7.0,0 days 00:01:16.029000,0 days 00:01:15.827000,0 days 00:01:15.755000
2025,1,Australian Grand Prix,hamilton,Lewis Hamilton,ferrari,Ferrari,8.0,0 days 00:01:16.213000,0 days 00:01:15.919000,0 days 00:01:15.973000
2025,1,Australian Grand Prix,gasly,Pierre Gasly,alpine,Alpine,9.0,0 days 00:01:16.328000,0 days 00:01:16.112000,0 days 00:01:15.980000
2025,1,Australian Grand Prix,sainz,Carlos Sainz,williams,Williams,10.0,0 days 00:01:16.360000,0 days 00:01:15.931000,0 days 00:01:16.062000
2025,1,Australian Grand Prix,hadjar,Isack Hadjar,rb,Racing Bulls,11.0,0 days 00:01:16.354000,0 days 00:01:16.175000,
2025,1,Australian Grand Prix,alonso,Fernando Alonso,aston_martin,Aston Martin,12.0,0 days 00:01:16.288000,0 days 00:01:16.453000,
2025,1,Australian Grand Prix,stroll,Lance Stroll,aston_martin,Aston Martin,13.0,0 days 00:01:16.369000,0 days 00:01:16.483000,
2025,1,Australian Grand Prix,doohan,Jack Doohan,alpine,Alpine,14.0,0 days 00:01:16.315000,0 days 00:01:16.863000,
2025,1,Australian Grand Prix,bortoleto,Gabriel Bortoleto,sauber,Kick Sauber,15.0,0 days 00:01:16.516000,0 days 00:01:17.520000,
2025,1,Australian Grand Prix,antonelli,Andrea Kimi Antonelli,mercedes,Mercedes,16.0,0 days 00:01:16.525000,,
2025,1,Australian Grand Prix,hulkenberg,Nico Hulkenberg,sauber,Kick Sauber,17.0,0 days 00:01:16.579000,,
2025,1,Australian Grand Prix,lawson,Liam Lawson,red_bull,Red Bull Racing,18.0,0 days 00:01:17.094000,,
2025,1,Australian Grand Prix,ocon,Esteban Ocon,haas,Haas F1 Team,19.0,0 days 00:01:17.147000,,
2025,1,Australian Grand Prix,bearman,Oliver Bearman,haas,Haas F1 Team,20.0,,,
2025,2,Chinese Grand Prix,piastri,Oscar Piastri,mclaren,McLaren,1.0,0 days 00:01:31.591000,0 days 00:01:31.200000,0 days 00:01:30.641000
2025,2,Chinese Grand Prix,russell,George Russell,mercedes,Mercedes,2.0,0 days 00:01:31.295000,0 days 00:01:31.307000,0 days 00:01:30.723000
2025,2,Chinese Grand Prix,norris,Lando Norris,mclaren,McLaren,3.0,0 days 00:01:30.983000,0 days 00:01:30.787000,0 days 00:01:30.793000
2025,2,Chinese Grand Prix,max_verstappen,Max Verstappen,red_bull,Red Bull Racing,4.0,0 days 00:01:31.424000,0 days 00:01:31.142000,0 days 00:01:30.817000
2025,2,Chinese Grand Prix,hamilton,Lewis Hamilton,ferrari,Ferrari,5.0,0 days 00:01:31.690000,0 days 00:01:31.501000,0 days 00:01:30.927000
2025,2,Chinese Grand Prix,leclerc,Charles Leclerc,ferrari,Ferrari,6.0,0 days 00:01:31.579000,0 days 00:01:31.450000,0 days 00:01:31.021000
2025,2,Chinese Grand Prix,hadjar,Isack Hadjar,rb,Racing Bulls,7.0,0 days 00:01:31.162000,0 days 00:01:31.253000,0 days 00:01:31.079000
2025,2,Chinese Grand Prix,antonelli,Andrea Kimi Antonelli,mercedes,Mercedes,8.0,0 days 00:01:31.676000,0 days 00:01:31.590000,0 days 00:01:31.103000
2025,2,Chinese Grand Prix,tsunoda,Yuki Tsunoda,rb,Racing Bulls,9.0,0 days 00:01:31.238000,0 days 00:01:31.260000,0 days 00:01:31.638000
2025,2,Chinese Grand Prix,albon,Alexander Albon,williams,Williams,10.0,0 days 00:01:31.503000,0 days 00:01:31.595000,0 days 00:01:31.706000
2025,2,Chinese Grand Prix,ocon,Esteban Ocon,haas,Haas F1 Team,11.0,0 days 00:01:31.876000,0 days 00:01:31.625000,
2025,2,Chinese Grand Prix,hulkenberg,Nico Hulkenberg,sauber,Kick Sauber,12.0,0 days 00:01:31.921000,0 days 00:01:31.632000,
2025,2,Chinese Grand Prix,alonso,Fernando Alonso,aston_martin,Aston Martin,13.0,0 days 00:01:31.719000,0 days 00:01:31.688000,
2025,2,Chinese Grand Prix,stroll,Lance Stroll,aston_martin,Aston Martin,14.0,0 days 00:01:31.923000,0 days 00:01:31.773000,
2025,2,Chinese Grand Prix,sainz,Carlos Sainz,williams,Williams,15.0,0 days 00:01:31.628000,0 days 00:01:31.840000,
2025,2,Chinese Grand Prix,gasly,Pierre Gasly,alpine,Alpine,16.0,0 days 00:01:31.992000,,
2025,2,Chinese Grand Prix,bearman,Oliver Bearman,haas,Haas F1 Team,17.0,0 days 00:01:32.018000,,
2025,2,Chinese Grand Prix,doohan,Jack Doohan,alpine,Alpine,18.0,0 days 00:01:32.092000,,
2025,2,Chinese Grand Prix,bortoleto,Gabriel Bortoleto,sauber,Kick Sauber,19.0,0 days 00:01:32.141000,,
2025,2,Chinese Grand Prix,lawson,Liam Lawson,red_bull,Red Bull Racing,20.0,0 days 00:01:32.174000,,
2025,3,Japanese Grand Prix,max_verstappen,Max Verstappen,red_bull,Red Bull Racing,1.0,0 days 00:01:27.943000,0 days 00:01:27.502000,0 days 00:01:26.983000
2025,3,Japanese Grand Prix,norris,Lando Norris,mclaren,McLaren,2.0,0 days 00:01:27.845000,0 days 00:01:27.146000,0 days 00:01:26.995000
2025,3,Japanese Grand Prix,piastri,Oscar Piastri,mclaren,McLaren,3.0,0 days 00:01:27.687000,0 days 00:01:27.507000,0 days 00:01:27.027000
2025,3,Japanese Grand Prix,leclerc,Charles Leclerc,ferrari,Ferrari,4.0,0 days 00:01:27.920000,0 days 00:01:27.555000,0 days 00:01:27.299000
2025,3,Japanese Grand Prix,russell,George Russell,mercedes,Mercedes,5.0,0 days 00:01:27.843000,0 days 00:01:27.400000,0 days 00:01:27.318000
2025,3,Japanese Grand Prix,antonelli,Kimi Antonelli,mercedes,Mercedes,6.0,0 days 00:01:27.968000,0 days 00:01:27.639000,0 days 00:01:27.555000
2025,3,Japanese Grand Prix,hadjar,Isack Hadjar,rb,Racing Bulls,7.0,0 days 00:01:28.278000,0 days 00:01:27.775000,0 days 00:01:27.569000
2025,3,Japanese Grand Prix,hamilton,Lewis Hamilton,ferrari,Ferrari,8.0,0 days 00:01:27.942000,0 days 00:01:27.610000,0 days 00:01:27.610000
2025,3,Japanese Grand Prix,albon,Alexander Albon,williams,Williams,9.0,0 days 00:01:28.218000,0 days 00:01:27.783000,0 days 00:01:27.615000
2025,3,Japanese Grand Prix,bearman,Oliver Bearman,haas,Haas F1 Team,10.0,0 days 00:01:28.228000,0 days 00:01:27.711000,0 days 00:01:27.867000
2025,3,Japanese Grand Prix,gasly,Pierre Gasly,alpine,Alpine,11.0,0 days 00:01:28.186000,0 days 00:01:27.822000,
2025,3,Japanese Grand Prix,sainz,Carlos Sainz,williams,Williams,12.0,0 days 00:01:28.209000,0 days 00:01:27.836000,
2025,3,Japanese Grand Prix,alonso,Fernando Alonso,aston_martin,Aston Martin,13.0,0 days 00:01:28.337000,0 days 00:01:27.897000,
2025,3,Japanese Grand Prix,lawson,Liam Lawson,rb,Racing Bulls,14.0,0 days 00:01:28.554000,0 days 00:01:27.906000,
2025,3,Japanese Grand Prix,tsunoda,Yuki Tsunoda,red_bull,Red Bull Racing,15.0,0 days 00:01:27.967000,0 days 00:01:28,
2025,3,Japanese Grand Prix,hulkenberg,Nico Hulkenberg,sauber,Kick Sauber,16.0,0 days 00:01:28.570000,,
2025,3,Japanese Grand Prix,bortoleto,Gabriel Bortoleto,sauber,Kick Sauber,17.0,0 days 00:01:28.622000,,
2025,3,Japanese Grand Prix,ocon,Esteban Ocon,haas,Haas F1 Team,18.0,0 days 00:01:28.696000,,
2025,3,Japanese Grand Prix,doohan,Jack Doohan,alpine,Alpine,19.0,0 days 00:01:28.877000,,
2025,3,Japanese Grand Prix,stroll,Lance Stroll,aston_martin,Aston Martin,20.0,0 days 00:01:29.271000,,
2025,4,Bahrain Grand Prix,piastri,Oscar Piastri,mclaren,McLaren,1.0,0 days 00:01:31.392000,0 days 00:01:30.454000,0 days 00:01:29.841000
2025,4,Bahrain Grand Prix,russell,George Russell,mercedes,Mercedes,2.0,0 days 00:01:31.494000,0 days 00:01:30.664000,0 days 00:01:30.009000
2025,4,Bahrain Grand Prix,leclerc,Charles Leclerc,ferrari,Ferrari,3.0,0 days 00:01:31.454000,0 days 00:01:30.724000,0 days 00:01:30.175000
2025,4,Bahrain Grand Prix,antonelli,Kimi Antonelli,mercedes,Mercedes,4.0,0 days 00:01:31.415000,0 days 00:01:30.716000,0 days 00:01:30.213000
2025,4,Bahrain Grand Prix,gasly,Pierre Gasly,alpine,Alpine,5.0,0 days 00:01:31.462000,0 days 00:01:30.643000,0 days 00:01:30.216000
2025,4,Bahrain Grand Prix,norris,Lando Norris,mclaren,McLaren,6.0,0 days 00:01:31.107000,0 days 00:01:30.560000,0 days 00:01:30.267000
2025,4,Bahrain Grand Prix,max_verstappen,Max Verstappen,red_bull,Red Bull Racing,7.0,0 days 00:01:31.303000,0 days 00:01:31.019000,0 days 00:01:30.423000
2025,4,Bahrain Grand Prix,sainz,Carlos Sainz,williams,Williams,8.0,0 days 00:01:31.591000,0 days 00:01:30.844000,0 days 00:01:30.680000
2025,4,Bahrain Grand Prix,hamilton,Lewis Hamilton,ferrari,Ferrari,9.0,0 days 00:01:31.219000,0 days 00:01:31.009000,0 days 00:01:30.772000
2025,4,Bahrain Grand Prix,tsunoda,Yuki Tsunoda,red_bull,Red Bull Racing,10.0,0 days 00:01:31.751000,0 days 00:01:31.228000,0 days 00:01:31.303000
2025,4,Bahrain Grand Prix,doohan,Jack Doohan,alpine,Alpine,11.0,0 days 00:01:31.414000,0 days 00:01:31.245000,
2025,4,Bahrain Grand Prix,hadjar,Isack Hadjar,rb,Racing Bulls,12.0,0 days 00:01:31.591000,0 days 00:01:31.271000,
2025,4,Bahrain Grand Prix,alonso,Fernando Alonso,aston_martin,Aston Martin,13.0,0 days 00:01:31.634000,0 days 00:01:31.886000,
2025,4,Bahrain Grand Prix,ocon,Esteban Ocon,haas,Haas F1 Team,14.0,0 days 00:01:31.594000,,
2025,4,Bahrain Grand Prix,albon,Alexander Albon,williams,Williams,15.0,0 days 00:01:32.040000,,
2025,4,Bahrain Grand Prix,hulkenberg,Nico Hulkenberg,sauber,Kick Sauber,16.0,0 days 00:01:32.067000,,
2025,4,Bahrain Grand Prix,lawson,Liam Lawson,rb,Racing Bulls,17.0,0 days 00:01:32.165000,,
2025,4,Bahrain Grand Prix,bortoleto,Gabriel Bortoleto,sauber,Kick Sauber,18.0,0 days 00:01:32.186000,,
2025,4,Bahrain Grand Prix,stroll,Lance Stroll,aston_martin,Aston Martin,19.0,0 days 00:01:32.283000,,
2025,4,Bahrain Grand Prix,bearman,Oliver Bearman,haas,Haas F1 Team,20.0,0 days 00:01:32.373000,,
2025,5,Saudi Arabian Grand Prix,max_verstappen,Max Verstappen,red_bull,Red Bull Racing,1.0,0 days 00:01:27.778000,0 days 00:01:27.529000,0 days 00:01:27.294000
2025,5,Saudi Arabian Grand Prix,piastri,Oscar Piastri,mclaren,McLaren,2.0,0 days 00:01:27.901000,0 days 00:01:27.545000,0 days 00:01:27.304000
2025,5,Saudi Arabian Grand Prix,russell,George Russell,mercedes,Mercedes,3.0,0 days 00:01:28.282000,0 days 00:01:27.599000,0 days 00:01:27.407000
2025,5,Saudi Arabian Grand Prix,leclerc,Charles Leclerc,ferrari,Ferrari,4.0,0 days 00:01:28.552000,0 days 00:01:27.866000,0 days 00:01:27.670000
2025,5,Saudi Arabian Grand Prix,antonelli,Kimi Antonelli,mercedes,Mercedes,5.0,0 days 00:01:28.128000,0 days 00:01:27.798000,0 days 00:01:27.866000
2025,5,Saudi Arabian Grand Prix,sainz,Carlos Sainz,williams,Williams,6.0,0 days 00:01:28.354000,0 days 00:01:28.024000,0 days 00:01:28.164000
2025,5,Saudi Arabian Grand Prix,hamilton,Lewis Hamilton,ferrari,Ferrari,7.0,0 days 00:01:28.372000,0 days 00:01:28.102000,0 days 00:01:28.201000
2025,5,Saudi Arabian Grand Prix,tsunoda,Yuki Tsunoda,red_bull,Red Bull Racing,8.0,0 days 00:01:28.226000,0 days 00:01:27.990000,0 days 00:01:28.204000
2025,5,Saudi Arabian Grand Prix,gasly,Pierre Gasly,alpine,Alpine,9.0,0 days 00:01:28.421000,0 days 00:01:28.025000,0 days 00:01:28.367000
2025,5,Saudi Arabian Grand Prix,norris,Lando Norris,mclaren,McLaren,10.0,0 days 00:01:27.805000,0 days 00:01:27.481000,
2025,5,Saudi Arabian Grand Prix,albon,Alexander Albon,williams,Williams,11.0,0 days 00:01:28.279000,0 days 00:01:28.109000,
2025,5,Saudi Arabian Grand Prix,lawson,Liam Lawson,rb,Racing Bulls,12.0,0 days 00:01:28.561000,0 days 00:01:28.191000,
2025,5,Saudi Arabian Grand Prix,alonso,Fernando Alonso,aston_martin,Aston Martin,13.0,0 days 00:01:28.548000,0 days 00:01:28.303000,
2025,5,Saudi Arabian Grand Prix,hadjar,Isack Hadjar,rb,Racing Bulls,14.0,0 days 00:01:28.571000,0 days 00:01:28.418000,
2025,5,Saudi Arabian Grand Prix,bearman,Oliver Bearman,haas,Haas F1 Team,15.0,0 days 00:01:28.536000,0 days 00:01:28.648000,
2025,5,Saudi Arabian Grand Prix,stroll,Lance Stroll,aston_martin,Aston Martin,16.0,0 days 00:01:28.645000,,
2025,5,Saudi Arabian Grand Prix,doohan,Jack Doohan,alpine,Alpine,17.0,0 days 00:01:28.739000,,
2025,5,Saudi Arabian Grand Prix,hulkenberg,Nico Hulkenberg,sauber,Kick Sauber,18.0,0 days 00:01:28.782000,,
2025,5,Saudi Arabian Grand Prix,ocon,Esteban Ocon,haas,Haas F1 Team,19.0,0 days 00:01:29.092000,,
2025,5,Saudi Arabian Grand Prix,bortoleto,Gabriel Bortoleto,sauber,Kick Sauber,20.0,0 days 00:01:29.462000,,
2025,6,Miami Grand Prix,max_verstappen,Max Verstappen,red_bull,Red Bull Racing,1.0,0 days 00:01:26.870000,0 days 00:01:26.643000,0 days 00:01:26.204000
2025,6,Miami Grand Prix,norris,Lando Norris,mclaren,McLaren,2.0,0 days 00:01:26.955000,0 days 00:01:26.499000,0 days 00:01:26.269000
2025,6,Miami Grand Prix,antonelli,Kimi Antonelli,mercedes,Mercedes,3.0,0 days 00:01:27.077000,0 days 00:01:26.606000,0 days 00:01:26.271000
2025,6,Miami Grand Prix,piastri,Oscar Piastri,mclaren,McLaren,4.0,0 days 00:01:27.006000,0 days 00:01:26.269000,0 days 00:01:26.375000
2025,6,Miami Grand Prix,russell,George Russell,mercedes,Mercedes,5.0,0 days 00:01:27.014000,0 days 00:01:26.575000,0 days 00:01:26.385000
2025,6,Miami Grand Prix,sainz,Carlos Sainz,williams,Williams,6.0,0 days 00:01:27.098000,0 days 00:01:26.847000,0 days 00:01:26.569000
2025,6,Miami Grand Prix,albon,Alexander Albon,williams,Williams,7.0,0 days 00:01:27.042000,0 days 00:01:26.855000,0 days 00:01:26.682000
2025,6,Miami Grand Prix,leclerc,Charles Leclerc,ferrari,Ferrari,8.0,0 days 00:01:27.417000,0 days 00:01:26.948000,0 days 00:01:26.754000
2025,6,Miami Grand Prix,ocon,Esteban Ocon,haas,Haas F1 Team,9.0,0 days 00:01:27.450000,0 days 00:01:26.967000,0 days 00:01:26.824000
2025,6,Miami Grand Prix,tsunoda,Yuki Tsunoda,red_bull,Red Bull Racing,10.0,0 days 00:01:27.298000,0 days 00:01:26.959000,0 days 00:01:26.943000
2025,6,Miami Grand Prix,hadjar,Isack Hadjar,rb,Racing Bulls,11.0,0 days 00:01:27.301000,0 days 00:01:26.987000,
2025,6,Miami Grand Prix,hamilton,Lewis Hamilton,ferrari,Ferrari,12.0,0 days 00:01:27.279000,0 days 00:01:27.006000,
2025,6,Miami Grand Prix,bortoleto,Gabriel Bortoleto,sauber,Kick Sauber,13.0,0 days 00:01:27.343000,0 days 00:01:27.151000,
2025,6,Miami Grand Prix,doohan,Jack Doohan,alpine,Alpine,14.0,0 days 00:01:27.422000,0 days 00:01:27.186000,
2025,6,Miami Grand Prix,lawson,Liam Lawson,rb,Racing Bulls,15.0,0 days 00:01:27.444000,0 days 00:01:27.363000,
2025,6,Miami Grand Prix,hulkenberg,Nico Hulkenberg,sauber,Kick Sauber,16.0,0 days 00:01:27.473000,,
2025,6,Miami Grand Prix,alonso,Fernando Alonso,aston_martin,Aston Martin,17.0,0 days 00:01:27.604000,,
2025,6,Miami Grand Prix,gasly,Pierre Gasly,alpine,Alpine,18.0,0 days 00:01:27.710000,,
2025,6,Miami Grand Prix,stroll,Lance Stroll,aston_martin,Aston Martin,19.0,0 days 00:01:27.830000,,
2025,6,Miami Grand Prix,bearman,Oliver Bearman,haas,Haas F1 Team,20.0,0 days 00:01:27.999000,,
2025,7,Emilia Romagna Grand Prix,piastri,Oscar Piastri,mclaren,McLaren,1.0,0 days 00:01:15.500000,0 days 00:01:15.214000,0 days 00:01:14.670000
2025,7,Emilia Romagna Grand Prix,max_verstappen,Max Verstappen,red_bull,Red Bull Racing,2.0,0 days 00:01:15.175000,0 days 00:01:15.394000,0 days 00:01:14.704000
2025,7,Emilia Romagna Grand Prix,russell,George Russell,mercedes,Mercedes,3.0,0 days 00:01:15.852000,0 days 00:01:15.334000,0 days 00:01:14.807000
2025,7,Emilia Romagna Grand Prix,norris,Lando Norris,mclaren,McLaren,4.0,0 days 00:01:15.894000,0 days 00:01:15.261000,0 days 00:01:14.962000
2025,7,Emilia Romagna Grand Prix,alonso,Fernando Alonso,aston_martin,Aston Martin,5.0,0 days 00:01:15.695000,0 days 00:01:15.442000,0 days 00:01:15.431000
2025,7,Emilia Romagna Grand Prix,sainz,Carlos Sainz,williams,Williams,6.0,0 days 00:01:15.987000,0 days 00:01:15.198000,0 days 00:01:15.432000
2025,7,Emilia Romagna Grand Prix,albon,Alexander Albon,williams,Williams,7.0,0 days 00:01:16.123000,0 days 00:01:15.521000,0 days 00:01:15.473000
2025,7,Emilia Romagna Grand Prix,stroll,Lance Stroll,aston_martin,Aston Martin,8.0,0 days 00:01:15.817000,0 days 00:01:15.497000,0 days 00:01:15.581000
2025,7,Emilia Romagna Grand Prix,hadjar,Isack Hadjar,rb,Racing Bulls,9.0,0 days 00:01:16.253000,0 days 00:01:15.510000,0 days 00:01:15.746000
2025,7,Emilia Romagna Grand Prix,gasly,Pierre Gasly,alpine,Alpine,10.0,0 days 00:01:15.937000,0 days 00:01:15.505000,0 days 00:01:15.787000
2025,7,Emilia Romagna Grand Prix,leclerc,Charles Leclerc,ferrari,Ferrari,11.0,0 days 00:01:16.108000,0 days 00:01:15.604000,
2025,7,Emilia Romagna Grand Prix,hamilton,Lewis Hamilton,ferrari,Ferrari,12.0,0 days 00:01:16.163000,0 days 00:01:15.765000,
2025,7,Emilia Romagna Grand Prix,antonelli,Kimi Antonelli,mercedes,Mercedes,13.0,0 days 00:01:15.943000,0 days 00:01:15.772000,
2025,7,Emilia Romagna Grand Prix,bortoleto,Gabriel Bortoleto,sauber,Kick Sauber,14.0,0 days 00:01:16.340000,0 days 00:01:16.260000,
2025,7,Emilia Romagna Grand Prix,colapinto,Franco Colapinto,alpine,Alpine,15.0,0 days 00:01:16.256000,,
2025,7,Emilia Romagna Grand Prix,lawson,Liam Lawson,rb,Racing Bulls,16.0,0 days 00:01:16.379000,,
2025,7,Emilia Romagna Grand Prix,hulkenberg,Nico Hulkenberg,sauber,Kick Sauber,17.0,0 days 00:01:16.518000,,
2025,7,Emilia Romagna Grand Prix,ocon,Esteban Ocon,haas,Haas F1 Team,18.0,0 days 00:01:16.613000,,
2025,7,Emilia Romagna Grand Prix,bearman,Oliver Bearman,haas,Haas F1 Team,19.0,0 days 00:01:16.918000,,
2025,7,Emilia Romagna Grand Prix,tsunoda,Yuki Tsunoda,red_bull,Red Bull Racing,20.0,,,
2025,8,Monaco Grand Prix,norris,Lando Norris,mclaren,McLaren,1.0,0 days 00:01:11.285000,0 days 00:01:10.570000,0 days 00:01:09.954000
2025,8,Monaco Grand Prix,leclerc,Charles Leclerc,ferrari,Ferrari,2.0,0 days 00:01:11.229000,0 days 00:01:10.581000,0 days 00:01:10.063000
2025,8,Monaco Grand Prix,piastri,Oscar Piastri,mclaren,McLaren,3.0,0 days 00:01:11.308000,0 days 00:01:10.858000,0 days 00:01:10.129000
2025,8,Monaco Grand Prix,hamilton,Lewis Hamilton,ferrari,Ferrari,4.0,0 days 00:01:11.575000,0 days 00:01:10.883000,0 days 00:01:10.382000
2025,8,Monaco Grand Prix,max_verstappen,Max Verstappen,red_bull,Red Bull Racing,5.0,0 days 00:01:11.431000,0 days 00:01:10.875000,0 days 00:01:10.669000
2025,8,Monaco Grand Prix,hadjar,Isack Hadjar,rb,Racing Bulls,6.0,0 days 00:01:11.811000,0 days 00:01:11.040000,0 days 00:01:10.923000
2025,8,Monaco Grand Prix,alonso,Fernando Alonso,aston_martin,Aston Martin,7.0,0 days 00:01:11.674000,0 days 00:01:11.182000,0 days 00:01:10.924000
2025,8,Monaco Grand Prix,ocon,Esteban Ocon,haas,Haas F1 Team,8.0,0 days 00:01:11.839000,0 days 00:01:11.262000,0 days 00:01:10.942000
2025,8,Monaco Grand Prix,lawson,Liam Lawson,rb,Racing Bulls,9.0,0 days 00:01:11.818000,0 days 00:01:11.250000,0 days 00:01:11.129000
2025,8,Monaco Grand Prix,albon,Alexander Albon,williams,Williams,10.0,0 days 00:01:11.629000,0 days 00:01:10.732000,0 days 00:01:11.213000
2025,8,Monaco Grand Prix,sainz,Carlos Sainz,williams,Williams,11.0,0 days 00:01:11.707000,0 days 00:01:11.362000,
2025,8,Monaco Grand Prix,tsunoda,Yuki Tsunoda,red_bull,Red Bull Racing,12.0,0 days 00:01:11.800000,0 days 00:01:11.415000,
2025,8,Monaco Grand Prix,hulkenberg,Nico Hulkenberg,sauber,Kick Sauber,13.0,0 days 00:01:11.871000,0 days 00:01:11.596000,
2025,8,Monaco Grand Prix,russell,George Russell,mercedes,Mercedes,14.0,0 days 00:01:11.507000,,
2025,8,Monaco Grand Prix,antonelli,Kimi Antonelli,mercedes,Mercedes,15.0,0 days 00:01:11.880000,,
2025,8,Monaco Grand Prix,bortoleto,Gabriel Bortoleto,sauber,Kick Sauber,16.0,0 days 00:01:11.902000,,
2025,8,Monaco Grand Prix,bearman,Oliver Bearman,haas,Haas F1 Team,17.0,0 days 00:01:11.979000,,
2025,8,Monaco Grand Prix,gasly,Pierre Gasly,alpine,Alpine,18.0,0 days 00:01:11.994000,,
2025,8,Monaco Grand Prix,stroll,Lance Stroll,aston_martin,Aston Martin,19.0,0 days 00:01:12.563000,,
2025,8,Monaco Grand Prix,colapinto,Franco Colapinto,alpine,Alpine,20.0,0 days 00:01:12.597000,,
2025,9,Spanish Grand Prix,piastri,Oscar Piastri,mclaren,McLaren,1.0,0 days 00:01:12.551000,0 days 00:01:11.998000,0 days 00:01:11.546000
2025,9,Spanish Grand Prix,norris,Lando Norris,mclaren,McLaren,2.0,0 days 00:01:12.799000,0 days 00:01:12.056000,0 days 00:01:11.755000
2025,9,Spanish Grand Prix,max_verstappen,Max Verstappen,red_bull,Red Bull Racing,3.0,0 days 00:01:12.798000,0 days 00:01:12.358000,0 days 00:01:11.848000
2025,9,Spanish Grand Prix,russell,George Russell,mercedes,Mercedes,4.0,0 days 00:01:12.806000,0 days 00:01:12.407000,0 days 00:01:11.848000
2025,9,Spanish Grand Prix,hamilton,Lewis Hamilton,ferrari,Ferrari,5.0,0 days 00:01:13.058000,0 days 00:01:12.447000,0 days 00:01:12.045000
2025,9,Spanish Grand Prix,antonelli,Kimi Antonelli,mercedes,Mercedes,6.0,0 days 00:01:12.815000,0 days 00:01:12.585000,0 days 00:01:12.111000
2025,9,Spanish Grand Prix,leclerc,Charles Leclerc,ferrari,Ferrari,7.0,0 days 00:01:13.014000,0 days 00:01:12.495000,0 days 00:01:12.131000
2025,9,Spanish Grand Prix,gasly,Pierre Gasly,alpine,Alpine,8.0,0 days 00:01:13.081000,0 days 00:01:12.611000,0 days 00:01:12.199000
2025,9,Spanish Grand Prix,hadjar,Isack Hadjar,rb,Racing Bulls,9.0,0 days 00:01:13.139000,0 days 00:01:12.461000,0 days 00:01:12.252000
2025,9,Spanish Grand Prix,alonso,Fernando Alonso,aston_martin,Aston Martin,10.0,0 days 00:01:13.102000,0 days 00:01:12.523000,0 days 00:01:12.284000
2025,9,Spanish Grand Prix,albon,Alexander Albon,williams,Williams,11.0,0 days 00:01:13.044000,0 days 00:01:12.641000,
2025,9,Spanish Grand Prix,bortoleto,Gabriel Bortoleto,sauber,Kick Sauber,12.0,0 days 00:01:13.045000,0 days 00:01:12.756000,
2025,9,Spanish Grand Prix,lawson,Liam Lawson,rb,Racing Bulls,13.0,0 days 00:01:13.039000,0 days 00:01:12.763000,
2025,9,Spanish Grand Prix,stroll,Lance Stroll,aston_martin,Aston Martin,14.0,0 days 00:01:13.038000,0 days 00:01:13.058000,
2025,9,Spanish Grand Prix,bearman,Oliver Bearman,haas,Haas F1 Team,15.0,0 days 00:01:13.074000,0 days 00:01:13.315000,
2025,9,Spanish Grand Prix,hulkenberg,Nico Hulkenberg,sauber,Kick Sauber,16.0,0 days 00:01:13.190000,,
2025,9,Spanish Grand Prix,ocon,Esteban Ocon,haas,Haas F1 Team,17.0,0 days 00:01:13.201000,,
2025,9,Spanish Grand Prix,sainz,Carlos Sainz,williams,Williams,18.0,0 days 00:01:13.203000,,
2025,9,Spanish Grand Prix,colapinto,Franco Colapinto,alpine,Alpine,19.0,0 days 00:01:13.334000,,
2025,9,Spanish Grand Prix,tsunoda,Yuki Tsunoda,red_bull,Red Bull Racing,20.0,0 days 00:01:13.385000,,
2025,10,Canadian Grand Prix,russell,George Russell,mercedes,Mercedes,1.0,0 days 00:01:12.075000,0 days 00:01:11.570000,0 days 00:01:10.899000
2025,10,Canadian Grand Prix,max_verstappen,Max Verstappen,red_bull,Red Bull Racing,2.0,0 days 00:01:12.054000,0 days 00:01:11.638000,0 days 00:01:11.059000
2025,10,Canadian Grand Prix,piastri,Oscar Piastri,mclaren,McLaren,3.0,0 days 00:01:11.939000,0 days 00:01:11.715000,0 days 00:01:11.120000
2025,10,Canadian Grand Prix,antonelli,Kimi Antonelli,mercedes,Mercedes,4.0,0 days 00:01:12.279000,0 days 00:01:11.974000,0 days 00:01:11.391000
2025,10,Canadian Grand Prix,hamilton,Lewis Hamilton,ferrari,Ferrari,5.0,0 days 00:01:11.952000,0 days 00:01:11.885000,0 days 00:01:11.526000
2025,10,Canadian Grand Prix,alonso,Fernando Alonso,aston_martin,Aston Martin,6.0,0 days 00:01:12.073000,0 days 00:01:11.805000,0 days 00:01:11.586000
2025,10,Canadian Grand Prix,norris,Lando Norris,mclaren,McLaren,7.0,0 days 00:01:11.826000,0 days 00:01:11.599000,0 days 00:01:11.625000
2025,10,Canadian Grand Prix,leclerc,Charles Leclerc,ferrari,Ferrari,8.0,0 days 00:01:12.038000,0 days 00:01:11.626000,0 days 00:01:11.682000
2025,10,Canadian Grand Prix,hadjar,Isack Hadjar,rb,Racing Bulls,9.0,0 days 00:01:12.211000,0 days 00:01:12.003000,0 days 00:01:11.867000
2025,10,Canadian Grand Prix,albon,Alexander Albon,williams,Williams,10.0,0 days 00:01:12.090000,0 days 00:01:11.892000,0 days 00:01:11.907000
2025,10,Canadian Grand Prix,tsunoda,Yuki Tsunoda,red_bull,Red Bull Racing,11.0,0 days 00:01:12.334000,0 days 00:01:12.102000,
2025,10,Canadian Grand Prix,colapinto,Franco Colapinto,alpine,Alpine,12.0,0 days 00:01:12.234000,0 days 00:01:12.142000,
2025,10,Canadian Grand Prix,hulkenberg,Nico Hulkenberg,sauber,Kick Sauber,13.0,0 days 00:01:12.323000,0 days 00:01:12.183000,
2025,10,Canadian Grand Prix,bearman,Oliver Bearman,haas,Haas F1 Team,14.0,0 days 00:01:12.306000,0 days 00:01:12.340000,
2025,10,Canadian Grand Prix,ocon,Esteban Ocon,haas,Haas F1 Team,15.0,0 days 00:01:12.378000,0 days 00:01:12.634000,
2025,10,Canadian Grand Prix,bortoleto,Gabriel Bortoleto,sauber,Kick Sauber,16.0,0 days 00:01:12.385000,,
2025,10,Canadian Grand Prix,sainz,Carlos Sainz,williams,Williams,17.0,0 days 00:01:12.398000,,
2025,10,Canadian Grand Prix,stroll,Lance Stroll,aston_martin,Aston Martin,18.0,0 days 00:01:12.517000,,
2025,10,Canadian Grand Prix,lawson,Liam Lawson,rb,Racing Bulls,19.0,0 days 00:01:12.525000,,
2025,10,Canadian Grand Prix,gasly,Pierre Gasly,alpine,Alpine,20.0,0 days 00:01:12.667000,,
2025,11,Austrian Grand Prix,norris,Lando Norris,mclaren,McLaren,1.0,0 days 00:01:04.672000,0 days 00:01:04.410000,0 days 00:01:03.971000
2025,11,Austrian Grand Prix,leclerc,Charles Leclerc,ferrari,Ferrari,2.0,0 days 00:01:05.197000,0 days 00:01:04.734000,0 days 00:01:04.492000
2025,11,Austrian Grand Prix,piastri,Oscar Piastri,mclaren,McLaren,3.0,0 days 00:01:04.966000,0 days 00:01:04.556000,0 days 00:01:04.554000
2025,11,Austrian Grand Prix,hamilton,Lewis Hamilton,ferrari,Ferrari,4.0,0 days 00:01:05.115000,0 days 00:01:04.896000,0 days 00:01:04.582000
2025,11,Austrian Grand Prix,russell,George Russell,mercedes,Mercedes,5.0,0 days 00:01:05.189000,0 days 00:01:04.860000,0 days 00:01:04.763000
2025,11,Austrian Grand Prix,lawson,Liam Lawson,rb,Racing Bulls,6.0,0 days 00:01:05.017000,0 days 00:01:05.041000,0 days 00:01:04.926000
2025,11,Austrian Grand Prix,max_verstappen,Max Verstappen,red_bull,Red Bull Racing,7.0,0 days 00:01:05.106000,0 days 00:01:04.836000,0 days 00:01:04.929000
2025,11,Austrian Grand Prix,bortoleto,Gabriel Bortoleto,sauber,Kick Sauber,8.0,0 days 00:01:05.123000,0 days 00:01:04.846000,0 days 00:01:05.132000
2025,11,Austrian Grand Prix,antonelli,Kimi Antonelli,mercedes,Mercedes,9.0,0 days 00:01:05.178000,0 days 00:01:05.052000,0 days 00:01:05.276000
2025,11,Austrian Grand Prix,gasly,Pierre Gasly,alpine,Alpine,10.0,0 days 00:01:05.054000,0 days 00:01:04.846000,0 days 00:01:05.649000
2025,11,Austrian Grand Prix,alonso,Fernando Alonso,aston_martin,Aston Martin,11.0,0 days 00:01:05.197000,0 days 00:01:05.128000,
2025,11,Austrian Grand Prix,albon,Alexander Albon,williams,Williams,12.0,0 days 00:01:05.143000,0 days 00:01:05.205000,
2025,11,Austrian Grand Prix,hadjar,Isack Hadjar,rb,Racing Bulls,13.0,0 days 00:01:05.063000,0 days 00:01:05.226000,
2025,11,Austrian Grand Prix,colapinto,Franco Colapinto,alpine,Alpine,14.0,0 days 00:01:05.278000,0 days 00:01:05.288000,
2025,11,Austrian Grand Prix,bearman,Oliver Bearman,haas,Haas F1 Team,15.0,0 days 00:01:05.218000,0 days 00:01:05.312000,
2025,11,Austrian Grand Prix,stroll,Lance Stroll,aston_martin,Aston Martin,16.0,0 days 00:01:05.329000,,
2025,11,Austrian Grand Prix,ocon,Esteban Ocon,haas,Haas F1 Team,17.0,0 days 00:01:05.364000,,
2025,11,Austrian Grand Prix,tsunoda,Yuki Tsunoda,red_bull,Red Bull Racing,18.0,0 days 00:01:05.369000,,
2025,11,Austrian Grand Prix,sainz,Carlos Sainz,williams,Williams,19.0,0 days 00:01:05.582000,,
2025,11,Austrian Grand Prix,hulkenberg,Nico Hulkenberg,sauber,Kick Sauber,20.0,0 days 00:01:05.606000,,
2025,12,British Grand Prix,max_verstappen,Max Verstappen,red_bull,Red Bull Racing,1.0,0 days 00:01:25.886000,0 days 00:01:25.316000,0 days 00:01:24.892000
2025,12,British Grand Prix,piastri,Oscar Piastri,mclaren,McLaren,2.0,0 days 00:01:25.963000,0 days 00:01:25.316000,0 days 00:01:24.995000
2025,12,British Grand Prix,norris,Lando Norris,mclaren,McLaren,3.0,0 days 00:01:26.123000,0 days 00:01:25.231000,0 days 00:01:25.010000
2025,12,British Grand Prix,russell,George Russell,mercedes,Mercedes,4.0,0 days 00:01:26.236000,0 days 00:01:25.637000,0 days 00:01:25.029000
2025,12,British Grand Prix,hamilton,Lewis Hamilton,ferrari,Ferrari,5.0,0 days 00:01:26.296000,0 days 00:01:25.084000,0 days 00:01:25.095000
2025,12,British Grand Prix,leclerc,Charles Leclerc,ferrari,Ferrari,6.0,0 days 00:01:26.186000,0 days 00:01:25.133000,0 days 00:01:25.121000
2025,12,British Grand Prix,antonelli,Kimi Antonelli,mercedes,Mercedes,7.0,0 days 00:01:26.265000,0 days 00:01:25.620000,0 days 00:01:25.374000
2025,12,British Grand Prix,bearman,Oliver Bearman,haas,Haas F1 Team,8.0,0 days 00:01:26.005000,0 days 00:01:25.534000,0 days 00:01:25.471000
2025,12,British Grand Prix,alonso,Fernando Alonso,aston_martin,Aston Martin,9.0,0 days 00:01:26.108000,0 days 00:01:25.593000,0 days 00:01:25.621000
2025,12,British Grand Prix,gasly,Pierre Gasly,alpine,Alpine,10.0,0 days 00:01:26.328000,0 days 00:01:25.711000,0 days 00:01:25.785000
2025,12,British Grand Prix,sainz,Carlos Sainz,williams,Williams,11.0,0 days 00:01:26.175000,0 days 00:01:25.746000,
2025,12,British Grand Prix,tsunoda,Yuki Tsunoda,red_bull,Red Bull Racing,12.0,0 days 00:01:26.275000,0 days 00:01:25.826000,
2025,12,British Grand Prix,hadjar,Isack Hadjar,rb,Racing Bulls,13.0,0 days 00:01:26.177000,0 days 00:01:25.864000,
2025,12,British Grand Prix,albon,Alexander Albon,williams,Williams,14.0,0 days 00:01:26.093000,0 days 00:01:25.889000,
2025,12,British Grand Prix,ocon,Esteban Ocon,haas,Haas F1 Team,15.0,0 days 00:01:26.136000,0 days 00:01:25.950000,
2025,12,British Grand Prix,lawson,Liam Lawson,rb,Racing Bulls,16.0,0 days 00:01:26.440000,,
2025,12,British Grand Prix,bortoleto,Gabriel Bortoleto,sauber,Kick Sauber,17.0,0 days 00:01:26.446000,,
2025,12,British Grand Prix,stroll,Lance Stroll,aston_martin,Aston Martin,18.0,0 days 00:01:26.504000,,
2025,12,British Grand Prix,hulkenberg,Nico Hulkenberg,sauber,Kick Sauber,19.0,0 days 00:01:26.574000,,
2025,12,British Grand Prix,colapinto,Franco Colapinto,alpine,Alpine,20.0,0 days 00:01:27.060000,,
2025,13,Belgian Grand Prix,norris,Lando Norris,mclaren,McLaren,1.0,0 days 00:01:41.010000,0 days 00:01:40.715000,0 days 00:01:40.562000
2025,13,Belgian Grand Prix,piastri,Oscar Piastri,mclaren,McLaren,2.0,0 days 00:01:41.201000,0 days 00:01:40.626000,0 days 00:01:40.647000
2025,13,Belgian Grand Prix,leclerc,Charles Leclerc,ferrari,Ferrari,3.0,0 days 00:01:41.635000,0 days 00:01:41.084000,0 days 00:01:40.900000
2025,13,Belgian Grand Prix,max_verstappen,Max Verstappen,red_bull,Red Bull Racing,4.0,0 days 00:01:41.334000,0 days 00:01:40.951000,0 days 00:01:40.903000
2025,13,Belgian Grand Prix,albon,Alexander Albon,williams,Williams,5.0,0 days 00:01:41.772000,0 days 00:01:41.505000,0 days 00:01:41.201000
2025,13,Belgian Grand Prix,russell,George Russell,mercedes,Mercedes,6.0,0 days 00:01:41.784000,0 days 00:01:41.254000,0 days 00:01:41.260000
2025,13,Belgian Grand Prix,tsunoda,Yuki Tsunoda,red_bull,Red Bull Racing,7.0,0 days 00:01:41.840000,0 days 00:01:41.245000,0 days 00:01:41.284000
2025,13,Belgian Grand Prix,hadjar,Isack Hadjar,rb,Racing Bulls,8.0,0 days 00:01:41.572000,0 days 00:01:41.281000,0 days 00:01:41.310000
2025,13,Belgian Grand Prix,lawson,Liam Lawson,rb,Racing Bulls,9.0,0 days 00:01:41.748000,0 days 00:01:41.297000,0 days 00:01:41.328000
2025,13,Belgian Grand Prix,bortoleto,Gabriel Bortoleto,sauber,Kick Sauber,10.0,0 days 00:01:41.908000,0 days 00:01:41.336000,0 days 00:01:42.387000
2025,13,Belgian Grand Prix,ocon,Esteban Ocon,haas,Haas F1 Team,11.0,0 days 00:01:41.884000,0 days 00:01:41.525000,
2025,13,Belgian Grand Prix,bearman,Oliver Bearman,haas,Haas F1 Team,12.0,0 days 00:01:41.617000,0 days 00:01:41.617000,
2025,13,Belgian Grand Prix,gasly,Pierre Gasly,alpine,Alpine,13.0,0 days 00:01:41.800000,0 days 00:01:41.633000,
2025,13,Belgian Grand Prix,hulkenberg,Nico Hulkenberg,sauber,Kick Sauber,14.0,0 days 00:01:41.844000,0 days 00:01:41.707000,
2025,13,Belgian Grand Prix,sainz,Carlos Sainz,williams,Williams,15.0,0 days 00:01:41.691000,0 days 00:01:41.758000,
2025,13,Belgian Grand Prix,hamilton,Lewis Hamilton,ferrari,Ferrari,16.0,0 days 00:01:41.939000,,
2025,13,Belgian Grand Prix,colapinto,Franco Colapinto,alpine,Alpine,17.0,0 days 00:01:42.022000,,
2025,13,Belgian Grand Prix,antonelli,Kimi Antonelli,mercedes,Mercedes,18.0,0 days 00:01:42.139000,,
2025,13,Belgian Grand Prix,alonso,Fernando Alonso,aston_martin,Aston Martin,19.0,0 days 00:01:42.385000,,
2025,13,Belgian Grand Prix,stroll,Lance Stroll,aston_martin,Aston Martin,20.0,0 days 00:01:42.502000,,
2025,14,Hungarian Grand Prix,leclerc,Charles Leclerc,ferrari,Ferrari,1.0,0 days 00:01:15.582000,0 days 00:01:15.455000,0 days 00:01:15.372000
2025,14,Hungarian Grand Prix,piastri,Oscar Piastri,mclaren,McLaren,2.0,0 days 00:01:15.211000,0 days 00:01:14.941000,0 days 00:01:15.398000
2025,14,Hungarian Grand Prix,norris,Lando Norris,mclaren,McLaren,3.0,0 days 00:01:15.523000,0 days 00:01:14.890000,0 days 00:01:15.413000
2025,14,Hungarian Grand Prix,russell,George Russell,mercedes,Mercedes,4.0,0 days 00:01:15.627000,0 days 00:01:15.201000,0 days 00:01:15.425000
2025,14,Hungarian Grand Prix,alonso,Fernando Alonso,aston_martin,Aston Martin,5.0,0 days 00:01:15.281000,0 days 00:01:15.395000,0 days 00:01:15.481000
2025,14,Hungarian Grand Prix,stroll,Lance Stroll,aston_martin,Aston Martin,6.0,0 days 00:01:15.673000,0 days 00:01:15.129000,0 days 00:01:15.498000
2025,14,Hungarian Grand Prix,bortoleto,Gabriel Bortoleto,sauber,Kick Sauber,7.0,0 days 00:01:15.586000,0 days 00:01:15.687000,0 days 00:01:15.725000
2025,14,Hungarian Grand Prix,max_verstappen,Max Verstappen,red_bull,Red Bull Racing,8.0,0 days 00:01:15.736000,0 days 00:01:15.547000,0 days 00:01:15.728000
2025,14,Hungarian Grand Prix,lawson,Liam Lawson,rb,Racing Bulls,9.0,0 days 00:01:15.849000,0 days 00:01:15.630000,0 days 00:01:15.821000
2025,14,Hungarian Grand Prix,hadjar,Isack Hadjar,rb,Racing Bulls,10.0,0 days 00:01:15.516000,0 days 00:01:15.469000,0 days 00:01:15.915000
2025,14,Hungarian Grand Prix,bearman,Oliver Bearman,haas,Haas F1 Team,11.0,0 days 00:01:15.750000,0 days 00:01:15.694000,
2025,14,Hungarian Grand Prix,hamilton,Lewis Hamilton,ferrari,Ferrari,12.0,0 days 00:01:15.733000,0 days 00:01:15.702000,
2025,14,Hungarian Grand Prix,sainz,Carlos Sainz,williams,Williams,13.0,0 days 00:01:15.652000,0 days 00:01:15.781000,
2025,14,Hungarian Grand Prix,colapinto,Franco Colapinto,alpine,Alpine,14.0,0 days 00:01:15.875000,0 days 00:01:16.159000,
2025,14,Hungarian Grand Prix,antonelli,Kimi Antonelli,mercedes,Mercedes,15.0,0 days 00:01:15.782000,0 days 00:01:16.386000,
2025,14,Hungarian Grand Prix,tsunoda,Yuki Tsunoda,red_bull,Red Bull Racing,16.0,0 days 00:01:15.899000,,
2025,14,Hungarian Grand Prix,gasly,Pierre Gasly,alpine,Alpine,17.0,0 days 00:01:15.966000,,
2025,14,Hungarian Grand Prix,ocon,Esteban Ocon,haas,Haas F1 Team,18.0,0 days 00:01:16.023000,,
2025,14,Hungarian Grand Prix,hulkenberg,Nico Hulkenberg,sauber,Kick Sauber,19.0,0 days 00:01:16.081000,,
2025,14,Hungarian Grand Prix,albon,Alexander Albon,williams,Williams,20.0,0 days 00:01:16.223000,,
2025,15,Dutch Grand Prix,piastri,Oscar Piastri,mclaren,McLaren,1.0,0 days 00:01:09.338000,0 days 00:01:08.964000,0 days 00:01:08.662000
2025,15,Dutch Grand Prix,norris,Lando Norris,mclaren,McLaren,2.0,0 days 00:01:09.469000,0 days 00:01:08.874000,0 days 00:01:08.674000
2025,15,Dutch Grand Prix,max_verstappen,Max Verstappen,red_bull,Red Bull Racing,3.0,0 days 00:01:09.696000,0 days 00:01:09.122000,0 days 00:01:08.925000
2025,15,Dutch Grand Prix,hadjar,Isack Hadjar,rb,Racing Bulls,4.0,0 days 00:01:09.966000,0 days 00:01:09.439000,0 days 00:01:09.208000
2025,15,Dutch Grand Prix,russell,George Russell,mercedes,Mercedes,5.0,0 days 00:01:09.676000,0 days 00:01:09.313000,0 days 00:01:09.255000
2025,15,Dutch Grand Prix,leclerc,Charles Leclerc,ferrari,Ferrari,6.0,0 days 00:01:09.906000,0 days 00:01:09.304000,0 days 00:01:09.340000
2025,15,Dutch Grand Prix,hamilton,Lewis Hamilton,ferrari,Ferrari,7.0,0 days 00:01:09.900000,0 days 00:01:09.261000,0 days 00:01:09.390000
2025,15,Dutch Grand Prix,lawson,Liam Lawson,rb,Racing Bulls,8.0,0 days 00:01:09.779000,0 days 00:01:09.383000,0 days 00:01:09.500000
2025,15,Dutch Grand Prix,sainz,Carlos Sainz,williams,Williams,9.0,0 days 00:01:09.980000,0 days 00:01:09.472000,0 days 00:01:09.505000
2025,15,Dutch Grand Prix,alonso,Fernando Alonso,aston_martin,Aston Martin,10.0,0 days 00:01:09.950000,0 days 00:01:09.366000,0 days 00:01:09.630000
2025,15,Dutch Grand Prix,antonelli,Kimi Antonelli,mercedes,Mercedes,11.0,0 days 00:01:09.845000,0 days 00:01:09.493000,
2025,15,Dutch Grand Prix,tsunoda,Yuki Tsunoda,red_bull,Red Bull Racing,12.0,0 days 00:01:09.954000,0 days 00:01:09.622000,
2025,15,Dutch Grand Prix,bortoleto,Gabriel Bortoleto,sauber,Kick Sauber,13.0,0 days 00:01:10.037000,0 days 00:01:09.622000,
2025,15,Dutch Grand Prix,gasly,Pierre Gasly,alpine,Alpine,14.0,0 days 00:01:09.894000,0 days 00:01:09.637000,
2025,15,Dutch Grand Prix,albon,Alexander Albon,williams,Williams,15.0,0 days 00:01:09.792000,0 days 00:01:09.652000,
2025,15,Dutch Grand Prix,colapinto,Franco Colapinto,alpine,Alpine,16.0,0 days 00:01:10.104000,,
2025,15,Dutch Grand Prix,hulkenberg,Nico Hulkenberg,sauber,Kick Sauber,17.0,0 days 00:01:10.195000,,
2025,15,Dutch Grand Prix,ocon,Esteban Ocon,haas,Haas F1 Team,18.0,0 days 00:01:10.197000,,
2025,15,Dutch Grand Prix,bearman,Oliver Bearman,haas,Haas F1 Team,19.0,0 days 00:01:10.262000,,
2025,15,Dutch Grand Prix,stroll,Lance Stroll,aston_martin,Aston Martin,20.0,,,
2025,16,Italian Grand Prix,max_verstappen,Max Verstappen,red_bull,Red Bull Racing,1.0,0 days 00:01:19.455000,0 days 00:01:19.140000,0 days 00:01:18.792000
2025,16,Italian Grand Prix,norris,Lando Norris,mclaren,McLaren,2.0,0 days 00:01:19.517000,0 days 00:01:19.293000,0 days 00:01:18.869000
2025,16,Italian Grand Prix,piastri,Oscar Piastri,mclaren,McLaren,3.0,0 days 00:01:19.711000,0 days 00:01:19.286000,0 days 00:01:18.982000
2025,16,Italian Grand Prix,leclerc,Charles Leclerc,ferrari,Ferrari,4.0,0 days 00:01:19.689000,0 days 00:01:19.310000,0 days 00:01:19.007000
2025,16,Italian Grand Prix,hamilton,Lewis Hamilton,ferrari,Ferrari,5.0,0 days 00:01:19.765000,0 days 00:01:19.371000,0 days 00:01:19.124000
2025,16,Italian Grand Prix,russell,George Russell,mercedes,Mercedes,6.0,0 days 00:01:19.414000,0 days 00:01:19.287000,0 days 00:01:19.157000
2025,16,Italian Grand Prix,antonelli,Kimi Antonelli,mercedes,Mercedes,7.0,0 days 00:01:19.747000,0 days 00:01:19.245000,0 days 00:01:19.200000
2025,16,Italian Grand Prix,bortoleto,Gabriel Bortoleto,sauber,Kick Sauber,8.0,0 days 00:01:19.688000,0 days 00:01:19.323000,0 days 00:01:19.390000
2025,16,Italian Grand Prix,alonso,Fernando Alonso,aston_martin,Aston Martin,9.0,0 days 00:01:19.658000,0 days 00:01:19.362000,0 days 00:01:19.424000
2025,16,Italian Grand Prix,tsunoda,Yuki Tsunoda,red_bull,Red Bull Racing,10.0,0 days 00:01:19.619000,0 days 00:01:19.433000,0 days 00:01:19.519000
2025,16,Italian Grand Prix,bearman,Oliver Bearman,haas,Haas F1 Team,11.0,0 days 00:01:19.688000,0 days 00:01:19.446000,
2025,16,Italian Grand Prix,hulkenberg,Nico Hulkenberg,sauber,Kick Sauber,12.0,0 days 00:01:19.777000,0 days 00:01:19.498000,
2025,16,Italian Grand Prix,sainz,Carlos Sainz,williams,Williams,13.0,0 days 00:01:19.644000,0 days 00:01:19.528000,
2025,16,Italian Grand Prix,albon,Alexander Albon,williams,Williams,14.0,0 days 00:01:19.837000,0 days 00:01:19.583000,
2025,16,Italian Grand Prix,ocon,Esteban Ocon,haas,Haas F1 Team,15.0,0 days 00:01:19.816000,0 days 00:01:19.707000,
2025,16,Italian Grand Prix,hadjar,Isack Hadjar,rb,Racing Bulls,16.0,0 days 00:01:19.917000,,
2025,16,Italian Grand Prix,stroll,Lance Stroll,aston_martin,Aston Martin,17.0,0 days 00:01:19.948000,,
2025,16,Italian Grand Prix,colapinto,Franco Colapinto,alpine,Alpine,18.0,0 days 00:01:19.992000,,
2025,16,Italian Grand Prix,gasly,Pierre Gasly,alpine,Alpine,19.0,0 days 00:01:20.103000,,
2025,16,Italian Grand Prix,lawson,Liam Lawson,rb,Racing Bulls,20.0,0 days 00:01:20.279000,,
2025,17,Azerbaijan Grand Prix,max_verstappen,Max Verstappen,red_bull,Red Bull Racing,1.0,0 days 00:01:41.331000,0 days 00:01:41.255000,0 days 00:01:41.117000
2025,17,Azerbaijan Grand Prix,sainz,Carlos Sainz,williams,Williams,2.0,0 days 00:01:42.635000,0 days 00:01:41.675000,0 days 00:01:41.595000
2025,17,Azerbaijan Grand Prix,lawson,Liam Lawson,rb,Racing Bulls,3.0,0 days 00:01:42.257000,0 days 00:01:41.537000,0 days 00:01:41.707000
2025,17,Azerbaijan Grand Prix,antonelli,Kimi Antonelli,mercedes,Mercedes,4.0,0 days 00:01:42.247000,0 days 00:01:41.464000,0 days 00:01:41.717000
2025,17,Azerbaijan Grand Prix,russell,George Russell,mercedes,Mercedes,5.0,0 days 00:01:41.646000,0 days 00:01:41.455000,0 days 00:01:42.070000
2025,17,Azerbaijan Grand Prix,tsunoda,Yuki Tsunoda,red_bull,Red Bull Racing,6.0,0 days 00:01:42.347000,0 days 00:01:41.788000,0 days 00:01:42.143000
2025,17,Azerbaijan Grand Prix,norris,Lando Norris,mclaren,McLaren,7.0,0 days 00:01:41.322000,0 days 00:01:41.396000,0 days 00:01:42.239000
2025,17,Azerbaijan Grand Prix,hadjar,Isack Hadjar,rb,Racing Bulls,8.0,0 days 00:01:41.656000,0 days 00:01:41.647000,0 days 00:01:42.372000
2025,17,Azerbaijan Grand Prix,piastri,Oscar Piastri,mclaren,McLaren,9.0,0 days 00:01:41.839000,0 days 00:01:41.414000,
2025,17,Azerbaijan Grand Prix,leclerc,Charles Leclerc,ferrari,Ferrari,10.0,0 days 00:01:41.458000,0 days 00:01:41.519000,
2025,17,Azerbaijan Grand Prix,alonso,Fernando Alonso,aston_martin,Aston Martin,11.0,0 days 00:01:42.211000,0 days 00:01:41.857000,
2025,17,Azerbaijan Grand Prix,hamilton,Lewis Hamilton,ferrari,Ferrari,12.0,0 days 00:01:41.821000,0 days 00:01:42.183000,
2025,17,Azerbaijan Grand Prix,bortoleto,Gabriel Bortoleto,sauber,Kick Sauber,13.0,0 days 00:01:42.511000,0 days 00:01:42.277000,
2025,17,Azerbaijan Grand Prix,stroll,Lance Stroll,aston_martin,Aston Martin,14.0,0 days 00:01:42.101000,0 days 00:01:43.061000,
2025,17,Azerbaijan Grand Prix,bearman,Oliver Bearman,haas,Haas F1 Team,15.0,0 days 00:01:42.666000,,
2025,17,Azerbaijan Grand Prix,colapinto,Franco Colapinto,alpine,Alpine,16.0,0 days 00:01:42.779000,,
2025,17,Azerbaijan Grand Prix,hulkenberg,Nico Hulkenberg,sauber,Kick Sauber,17.0,0 days 00:01:42.916000,,
2025,17,Azerbaijan Grand Prix,gasly,Pierre Gasly,alpine,Alpine,18.0,0 days 00:01:43.139000,,
2025,17,Azerbaijan Grand Prix,albon,Alexander Albon,williams,Williams,19.0,0 days 00:01:43.778000,,
2025,17,Azerbaijan Grand Prix,ocon,Esteban Ocon,haas,Haas F1 Team,20.0,,,
2025,18,Singapore Grand Prix,russell,George Russell,mercedes,Mercedes,1.0,0 days 00:01:29.928000,0 days 00:01:29.562000,0 days 00:01:29.158000
2025,18,Singapore Grand Prix,max_verstappen,Max Verstappen,red_bull,Red Bull Racing,2.0,0 days 00:01:30.028000,0 days 00:01:29.572000,0 days 00:01:29.340000
2025,18,Singapore Grand Prix,piastri,Oscar Piastri,mclaren,McLaren,3.0,0 days 00:01:30.313000,0 days 00:01:29.813000,0 days 00:01:29.524000
2025,18,Singapore Grand Prix,antonelli,Kimi Antonelli,mercedes,Mercedes,4.0,0 days 00:01:30.036000,0 days 00:01:29.649000,0 days 00:01:29.537000
2025,18,Singapore Grand Prix,norris,Lando Norris,mclaren,McLaren,5.0,0 days 00:01:29.932000,0 days 00:01:29.809000,0 days 00:01:29.586000
2025,18,Singapore Grand Prix,hamilton,Lewis Hamilton,ferrari,Ferrari,6.0,0 days 00:01:29.765000,0 days 00:01:29.936000,0 days 00:01:29.688000
2025,18,Singapore Grand Prix,leclerc,Charles Leclerc,ferrari,Ferrari,7.0,0 days 00:01:30.370000,0 days 00:01:29.914000,0 days 00:01:29.784000
2025,18,Singapore Grand Prix,hadjar,Isack Hadjar,rb,Racing Bulls,8.0,0 days 00:01:30.214000,0 days 00:01:30.016000,0 days 00:01:29.846000
2025,18,Singapore Grand Prix,bearman,Oliver Bearman,haas,Haas F1 Team,9.0,0 days 00:01:30.420000,0 days 00:01:30.076000,0 days 00:01:29.868000
2025,18,Singapore Grand Prix,alonso,Fernando Alonso,aston_martin,Aston Martin,10.0,0 days 00:01:30.745000,0 days 00:01:30.054000,0 days 00:01:29.955000
2025,18,Singapore Grand Prix,hulkenberg,Nico Hulkenberg,sauber,Kick Sauber,11.0,0 days 00:01:30.715000,0 days 00:01:30.141000,
2025,18,Singapore Grand Prix,lawson,Liam Lawson,rb,Racing Bulls,12.0,0 days 00:01:30.681000,0 days 00:01:30.320000,
2025,18,Singapore Grand Prix,tsunoda,Yuki Tsunoda,red_bull,Red Bull Racing,13.0,0 days 00:01:30.574000,0 days 00:01:30.353000,
2025,18,Singapore Grand Prix,bortoleto,Gabriel Bortoleto,sauber,Kick Sauber,14.0,0 days 00:01:30.820000,,
2025,18,Singapore Grand Prix,stroll,Lance Stroll,aston_martin,Aston Martin,15.0,0 days 00:01:30.949000,,
2025,18,Singapore Grand Prix,colapinto,Franco Colapinto,alpine,Alpine,16.0,0 days 00:01:30.982000,,
2025,18,Singapore Grand Prix,ocon,Esteban Ocon,haas,Haas F1 Team,17.0,0 days 00:01:30.989000,,
2025,18,Singapore Grand Prix,gasly,Pierre Gasly,alpine,Alpine,18.0,0 days 00:01:31.261000,,
2025,18,Singapore Grand Prix,albon,Alexander Albon,williams,Williams,19.0,,,
2025,18,Singapore Grand Prix,sainz,Carlos Sainz,williams,Williams,20.0,,,
2025,19,United States Grand Prix,max_verstappen,Max Verstappen,red_bull,Red Bull Racing,1.0,0 days 00:01:33.207000,0 days 00:01:32.701000,0 days 00:01:32.510000
2025,19,United States Grand Prix,norris,Lando Norris,mclaren,McLaren,2.0,0 days 00:01:33.843000,0 days 00:01:32.876000,0 days 00:01:32.801000
2025,19,United States Grand Prix,leclerc,Charles Leclerc,ferrari,Ferrari,3.0,0 days 00:01:33.525000,0 days 00:01:32.869000,0 days 00:01:32.807000
2025,19,United States Grand Prix,russell,George Russell,mercedes,Mercedes,4.0,0 days 00:01:33.311000,0 days 00:01:33.058000,0 days 00:01:32.826000
2025,19,United States Grand Prix,hamilton,Lewis Hamilton,ferrari,Ferrari,5.0,0 days 00:01:33.685000,0 days 00:01:32.914000,0 days 00:01:32.912000
2025,19,United States Grand Prix,piastri,Oscar Piastri,mclaren,McLaren,6.0,0 days 00:01:33.746000,0 days 00:01:33.228000,0 days 00:01:33.084000
2025,19,United States Grand Prix,antonelli,Kimi Antonelli,mercedes,Mercedes,7.0,0 days 00:01:33.501000,0 days 00:01:33.044000,0 days 00:01:33.114000
2025,19,United States Grand Prix,bearman,Oliver Bearman,haas,Haas F1 Team,8.0,0 days 00:01:33.921000,0 days 00:01:33.238000,0 days 00:01:33.139000
2025,19,United States Grand Prix,sainz,Carlos Sainz,williams,Williams,9.0,0 days 00:01:33.739000,0 days 00:01:33.124000,0 days 00:01:33.150000
2025,19,United States Grand Prix,alonso,Fernando Alonso,aston_martin,Aston Martin,10.0,0 days 00:01:33.741000,0 days 00:01:33.237000,0 days 00:01:33.160000
2025,19,United States Grand Prix,hulkenberg,Nico Hulkenberg,sauber,Kick Sauber,11.0,0 days 00:01:33.551000,0 days 00:01:33.334000,
2025,19,United States Grand Prix,lawson,Liam Lawson,rb,Racing Bulls,12.0,0 days 00:01:33.549000,0 days 00:01:33.360000,
2025,19,United States Grand Prix,tsunoda,Yuki Tsunoda,red_bull,Red Bull Racing,13.0,0 days 00:01:33.935000,0 days 00:01:33.466000,
2025,19,United States Grand Prix,gasly,Pierre Gasly,alpine,Alpine,14.0,0 days 00:01:33.599000,0 days 00:01:33.651000,
2025,19,United States Grand Prix,colapinto,Franco Colapinto,alpine,Alpine,15.0,0 days 00:01:34.039000,0 days 00:01:34.044000,
2025,19,United States Grand Prix,bortoleto,Gabriel Bortoleto,sauber,Kick Sauber,16.0,0 days 00:01:34.125000,,
2025,19,United States Grand Prix,ocon,Esteban Ocon,haas,Haas F1 Team,17.0,0 days 00:01:34.136000,,
2025,19,United States Grand Prix,stroll,Lance Stroll,aston_martin,Aston Martin,18.0,0 days 00:01:34.540000,,
2025,19,United States Grand Prix,albon,Alexander Albon,williams,Williams,19.0,0 days 00:01:34.690000,,
2025,19,United States Grand Prix,hadjar,Isack Hadjar,rb,Racing Bulls,20.0,,,
2025,20,Mexico City Grand Prix,norris,Lando Norris,mclaren,McLaren,1.0,0 days 00:01:16.899000,0 days 00:01:16.252000,0 days 00:01:15.586000
2025,20,Mexico City Grand Prix,leclerc,Charles Leclerc,ferrari,Ferrari,2.0,0 days 00:01:17.024000,0 days 00:01:16.658000,0 days 00:01:15.848000
2025,20,Mexico City Grand Prix,hamilton,Lewis Hamilton,ferrari,Ferrari,3.0,0 days 00:01:16.736000,0 days 00:01:16.458000,0 days 00:01:15.938000
2025,20,Mexico City Grand Prix,russell,George Russell,mercedes,Mercedes,4.0,0 days 00:01:16.895000,0 days 00:01:16.537000,0 days 00:01:16.034000
2025,20,Mexico City Grand Prix,max_verstappen,Max Verstappen,red_bull,Red Bull Racing,5.0,0 days 00:01:17.076000,0 days 00:01:16.605000,0 days 00:01:16.070000
2025,20,Mexico City Grand Prix,antonelli,Kimi Antonelli,mercedes,Mercedes,6.0,0 days 00:01:17.291000,0 days 00:01:16.773000,0 days 00:01:16.118000
2025,20,Mexico City Grand Prix,sainz,Carlos Sainz,williams,Williams,7.0,0 days 00:01:17.171000,0 days 00:01:16.607000,0 days 00:01:16.172000
2025,20,Mexico City Grand Prix,piastri,Oscar Piastri,mclaren,McLaren,8.0,0 days 00:01:17.158000,0 days 00:01:16.737000,0 days 00:01:16.174000
2025,20,Mexico City Grand Prix,hadjar,Isack Hadjar,rb,Racing Bulls,9.0,0 days 00:01:16.733000,0 days 00:01:16.804000,0 days 00:01:16.252000
2025,20,Mexico City Grand Prix,bearman,Oliver Bearman,haas,Haas F1 Team,10.0,0 days 00:01:17.040000,0 days 00:01:16.787000,0 days 00:01:16.460000
2025,20,Mexico City Grand Prix,tsunoda,Yuki Tsunoda,red_bull,Red Bull Racing,11.0,0 days 00:01:17.234000,0 days 00:01:16.816000,
2025,20,Mexico City Grand Prix,ocon,Esteban Ocon,haas,Haas F1 Team,12.0,0 days 00:01:16.948000,0 days 00:01:16.837000,
2025,20,Mexico City Grand Prix,hulkenberg,Nico Hulkenberg,sauber,Kick Sauber,13.0,0 days 00:01:17.251000,0 days 00:01:17.016000,
2025,20,Mexico City Grand Prix,alonso,Fernando Alonso,aston_martin,Aston Martin,14.0,0 days 00:01:17.232000,0 days 00:01:17.103000,
2025,20,Mexico City Grand Prix,lawson,Liam Lawson,rb,Racing Bulls,15.0,0 days 00:01:16.961000,0 days 00:01:18.072000,
2025,20,Mexico City Grand Prix,bortoleto,Gabriel Bortoleto,sauber,Kick Sauber,16.0,0 days 00:01:17.412000,,
2025,20,Mexico City Grand Prix,albon,Alexander Albon,williams,Williams,17.0,0 days 00:01:17.490000,,
2025,20,Mexico City Grand Prix,gasly,Pierre Gasly,alpine,Alpine,18.0,0 days 00:01:17.546000,,
2025,20,Mexico City Grand Prix,stroll,Lance Stroll,aston_martin,Aston Martin,19.0,0 days 00:01:17.606000,,
2025,20,Mexico City Grand Prix,colapinto,Franco Colapinto,alpine,Alpine,20.0,0 days 00:01:17.670000,,
2025,21,So Paulo Grand Prix,norris,Lando Norris,mclaren,McLaren,1.0,0 days 00:01:09.656000,0 days 00:01:09.616000,0 days 00:01:09.511000
2025,21,So Paulo Grand Prix,antonelli,Kimi Antonelli,mercedes,Mercedes,2.0,0 days 00:01:10.192000,0 days 00:01:09.774000,0 days 00:01:09.685000
2025,21,So Paulo Grand Prix,leclerc,Charles Leclerc,ferrari,Ferrari,3.0,0 days 00:01:09.934000,0 days 00:01:09.801000,0 days 00:01:09.805000
2025,21,So Paulo Grand Prix,piastri,Oscar Piastri,mclaren,McLaren,4.0,0 days 00:01:09.928000,0 days 00:01:09.835000,0 days 00:01:09.886000
2025,21,So Paulo Grand Prix,hadjar,Isack Hadjar,rb,Racing Bulls,5.0,0 days 00:01:10.083000,0 days 00:01:09.970000,0 days 00:01:09.931000
2025,21,So Paulo Grand Prix,russell,George Russell,mercedes,Mercedes,6.0,0 days 00:01:09.935000,0 days 00:01:09.880000,0 days 00:01:09.942000
2025,21,So Paulo Grand Prix,lawson,Liam Lawson,rb,Racing Bulls,7.0,0 days 00:01:10.108000,0 days 00:01:09.950000,0 days 00:01:09.962000
2025,21,So Paulo Grand Prix,bearman,Oliver Bearman,haas,Haas F1 Team,8.0,0 days 00:01:09.891000,0 days 00:01:09.755000,0 days 00:01:09.977000
2025,21,So Paulo Grand Prix,gasly,Pierre Gasly,alpine,Alpine,9.0,0 days 00:01:09.885000,0 days 00:01:09.857000,0 days 00:01:10.002000
2025,21,So Paulo Grand Prix,hulkenberg,Nico Hulkenberg,sauber,Kick Sauber,10.0,0 days 00:01:10.337000,0 days 00:01:09.985000,0 days 00:01:10.039000
2025,21,So Paulo Grand Prix,alonso,Fernando Alonso,aston_martin,Aston Martin,11.0,0 days 00:01:10.181000,0 days 00:01:10.001000,
2025,21,So Paulo Grand Prix,albon,Alexander Albon,williams,Williams,12.0,0 days 00:01:10.115000,0 days 00:01:10.053000,
2025,21,So Paulo Grand Prix,hamilton,Lewis Hamilton,ferrari,Ferrari,13.0,0 days 00:01:10.016000,0 days 00:01:10.100000,
2025,21,So Paulo Grand Prix,stroll,Lance Stroll,aston_martin,Aston Martin,14.0,0 days 00:01:10.041000,0 days 00:01:10.161000,
2025,21,So Paulo Grand Prix,sainz,Carlos Sainz,williams,Williams,15.0,0 days 00:01:10.184000,0 days 00:01:10.472000,
2025,21,So Paulo Grand Prix,max_verstappen,Max Verstappen,red_bull,Red Bull Racing,16.0,0 days 00:01:10.403000,,
2025,21,So Paulo Grand Prix,ocon,Esteban Ocon,haas,Haas F1 Team,17.0,0 days 00:01:10.438000,,
2025,21,So Paulo Grand Prix,colapinto,Franco Colapinto,alpine,Alpine,18.0,0 days 00:01:10.632000,,
2025,21,So Paulo Grand Prix,tsunoda,Yuki Tsunoda,red_bull,Red Bull Racing,19.0,0 days 00:01:10.711000,,
2025,21,So Paulo Grand Prix,,Gabriel Bortoleto,,Kick Sauber,,,,
2025,22,Las Vegas Grand Prix,norris,Lando Norris,mclaren,McLaren,1.0,0 days 00:01:55.473000,0 days 00:01:51.379000,0 days 00:01:47.934000
2025,22,Las Vegas Grand Prix,max_verstappen,Max Verstappen,red_bull,Red Bull Racing,2.0,0 days 00:01:53.458000,0 days 00:01:51.593000,0 days 00:01:48.257000
2025,22,Las Vegas Grand Prix,sainz,Carlos Sainz,williams,Williams,3.0,0 days 00:01:54.873000,0 days 00:01:51.144000,0 days 00:01:48.296000
2025,22,Las Vegas Grand Prix,russell,George Russell,mercedes,Mercedes,4.0,0 days 00:01:53.144000,0 days 00:01:50.935000,0 days 00:01:48.803000
2025,22,Las Vegas Grand Prix,piastri,Oscar Piastri,mclaren,McLaren,5.0,0 days 00:01:54.544000,0 days 00:01:52.126000,0 days 00:01:48.961000
2025,22,Las Vegas Grand Prix,lawson,Liam Lawson,rb,Racing Bulls,6.0,0 days 00:01:54.828000,0 days 00:01:51.621000,0 days 00:01:49.062000
2025,22,Las Vegas Grand Prix,alonso,Fernando Alonso,aston_martin,Aston Martin,7.0,0 days 00:01:53.739000,0 days 00:01:51.865000,0 days 00:01:49.466000
2025,22,Las Vegas Grand Prix,hadjar,Isack Hadjar,rb,Racing Bulls,8.0,0 days 00:01:55.613000,0 days 00:01:51.120000,0 days 00:01:49.554000
2025,22,Las Vegas Grand Prix,leclerc,Charles Leclerc,ferrari,Ferrari,9.0,0 days 00:01:54.814000,0 days 00:01:51.952000,0 days 00:01:49.872000
2025,22,Las Vegas Grand Prix,gasly,Pierre Gasly,alpine,Alpine,10.0,0 days 00:01:54.432000,0 days 00:01:51.760000,0 days 00:01:51.540000
2025,22,Las Vegas Grand Prix,hulkenberg,Nico Hulkenberg,sauber,Kick Sauber,11.0,0 days 00:01:54.555000,0 days 00:01:52.781000,
2025,22,Las Vegas Grand Prix,stroll,Lance Stroll,aston_martin,Aston Martin,12.0,0 days 00:01:54.416000,0 days 00:01:52.850000,
2025,22,Las Vegas Grand Prix,ocon,Esteban Ocon,haas,Haas F1 Team,13.0,0 days 00:01:54.635000,0 days 00:01:52.987000,
2025,22,Las Vegas Grand Prix,bearman,Oliver Bearman,haas,Haas F1 Team,14.0,0 days 00:01:56.016000,0 days 00:01:53.094000,
2025,22,Las Vegas Grand Prix,colapinto,Franco Colapinto,alpine,Alpine,15.0,0 days 00:01:54.847000,0 days 00:01:53.683000,
2025,22,Las Vegas Grand Prix,albon,Alexander Albon,williams,Williams,16.0,0 days 00:01:56.220000,,
2025,22,Las Vegas Grand Prix,antonelli,Kimi Antonelli,mercedes,Mercedes,17.0,0 days 00:01:56.314000,,
2025,22,Las Vegas Grand Prix,bortoleto,Gabriel Bortoleto,sauber,Kick Sauber,18.0,0 days 00:01:56.674000,,
2025,22,Las Vegas Grand Prix,tsunoda,Yuki Tsunoda,red_bull,Red Bull Racing,19.0,0 days 00:01:56.798000,,
2025,22,Las Vegas Grand Prix,hamilton,Lewis Hamilton,ferrari,Ferrari,20.0,0 days 00:01:57.115000,,
2025,23,Qatar Grand Prix,piastri,Oscar Piastri,mclaren,McLaren,1.0,0 days 00:01:20.234000,0 days 00:01:19.650000,0 days 00:01:19.387000
2025,23,Qatar Grand Prix,norris,Lando Norris,mclaren,McLaren,2.0,0 days 00:01:20.157000,0 days 00:01:19.861000,0 days 00:01:19.495000
2025,23,Qatar Grand Prix,max_verstappen,Max Verstappen,red_bull,Red Bull Racing,3.0,0 days 00:01:20.472000,0 days 00:01:19.985000,0 days 00:01:19.651000
2025,23,Qatar Grand Prix,russell,George Russell,mercedes,Mercedes,4.0,0 days 00:01:20.074000,0 days 00:01:20.186000,0 days 00:01:19.662000
2025,23,Qatar Grand Prix,antonelli,Kimi Antonelli,mercedes,Mercedes,5.0,0 days 00:01:20.576000,0 days 00:01:20.084000,0 days 00:01:19.846000
2025,23,Qatar Grand Prix,hadjar,Isack Hadjar,rb,Racing Bulls,6.0,0 days 00:01:20.603000,0 days 00:01:20.350000,0 days 00:01:20.114000
2025,23,Qatar Grand Prix,sainz,Carlos Sainz,williams,Williams,7.0,0 days 00:01:20.520000,0 days 00:01:20.251000,0 days 00:01:20.287000
2025,23,Qatar Grand Prix,alonso,Fernando Alonso,aston_martin,Aston Martin,8.0,0 days 00:01:20.598000,0 days 00:01:20.219000,0 days 00:01:20.418000
2025,23,Qatar Grand Prix,gasly,Pierre Gasly,alpine,Alpine,9.0,0 days 00:01:20.681000,0 days 00:01:20.324000,0 days 00:01:20.477000
2025,23,Qatar Grand Prix,leclerc,Charles Leclerc,ferrari,Ferrari,10.0,0 days 00:01:20.564000,0 days 00:01:20.343000,0 days 00:01:20.561000
2025,23,Qatar Grand Prix,hulkenberg,Nico Hulkenberg,sauber,Kick Sauber,11.0,0 days 00:01:20.630000,0 days 00:01:20.353000,
2025,23,Qatar Grand Prix,lawson,Liam Lawson,rb,Racing Bulls,12.0,0 days 00:01:20.539000,0 days 00:01:20.433000,
2025,23,Qatar Grand Prix,bearman,Oliver Bearman,haas,Haas F1 Team,13.0,0 days 00:01:20.548000,0 days 00:01:20.438000,
2025,23,Qatar Grand Prix,bortoleto,Gabriel Bortoleto,sauber,Kick Sauber,14.0,0 days 00:01:20.653000,0 days 00:01:20.534000,
2025,23,Qatar Grand Prix,albon,Alexander Albon,williams,Williams,15.0,0 days 00:01:20.629000,0 days 00:01:20.629000,
2025,23,Qatar Grand Prix,tsunoda,Yuki Tsunoda,red_bull,Red Bull Racing,16.0,0 days 00:01:20.761000,,
2025,23,Qatar Grand Prix,ocon,Esteban Ocon,haas,Haas F1 Team,17.0,0 days 00:01:20.864000,,
2025,23,Qatar Grand Prix,hamilton,Lewis Hamilton,ferrari,Ferrari,18.0,0 days 00:01:20.907000,,
2025,23,Qatar Grand Prix,stroll,Lance Stroll,aston_martin,Aston Martin,19.0,0 days 00:01:21.058000,,
2025,23,Qatar Grand Prix,colapinto,Franco Colapinto,alpine,Alpine,20.0,0 days 00:01:21.137000,,
2025,24,Abu Dhabi Grand Prix,max_verstappen,Max Verstappen,red_bull,Red Bull Racing,1.0,0 days 00:01:22.877000,0 days 00:01:22.752000,0 days 00:01:22.207000
2025,24,Abu Dhabi Grand Prix,norris,Lando Norris,mclaren,McLaren,2.0,0 days 00:01:23.178000,0 days 00:01:22.804000,0 days 00:01:22.408000
2025,24,Abu Dhabi Grand Prix,piastri,Oscar Piastri,mclaren,McLaren,3.0,0 days 00:01:22.605000,0 days 00:01:23.021000,0 days 00:01:22.437000
2025,24,Abu Dhabi Grand Prix,russell,George Russell,mercedes,Mercedes,4.0,0 days 00:01:23.247000,0 days 00:01:22.730000,0 days 00:01:22.645000
2025,24,Abu Dhabi Grand Prix,leclerc,Charles Leclerc,ferrari,Ferrari,5.0,0 days 00:01:23.163000,0 days 00:01:22.948000,0 days 00:01:22.730000
2025,24,Abu Dhabi Grand Prix,alonso,Fernando Alonso,aston_martin,Aston Martin,6.0,0 days 00:01:23.071000,0 days 00:01:22.861000,0 days 00:01:22.902000
2025,24,Abu Dhabi Grand Prix,bortoleto,Gabriel Bortoleto,sauber,Kick Sauber,7.0,0 days 00:01:23.374000,0 days 00:01:22.874000,0 days 00:01:22.904000
2025,24,Abu Dhabi Grand Prix,ocon,Esteban Ocon,haas,Haas F1 Team,8.0,0 days 00:01:23.334000,0 days 00:01:23.023000,0 days 00:01:22.913000
2025,24,Abu Dhabi Grand Prix,hadjar,Isack Hadjar,rb,Racing Bulls,9.0,0 days 00:01:23.373000,0 days 00:01:22.997000,0 days 00:01:23.072000
2025,24,Abu Dhabi Grand Prix,tsunoda,Yuki Tsunoda,red_bull,Red Bull Racing,10.0,0 days 00:01:23.386000,0 days 00:01:23.034000,
2025,24,Abu Dhabi Grand Prix,bearman,Oliver Bearman,haas,Haas F1 Team,11.0,0 days 00:01:23.254000,0 days 00:01:23.041000,
2025,24,Abu Dhabi Grand Prix,sainz,Carlos Sainz,williams,Williams,12.0,0 days 00:01:23.187000,0 days 00:01:23.042000,
2025,24,Abu Dhabi Grand Prix,lawson,Liam Lawson,rb,Racing Bulls,13.0,0 days 00:01:23.265000,0 days 00:01:23.077000,
2025,24,Abu Dhabi Grand Prix,antonelli,Kimi Antonelli,mercedes,Mercedes,14.0,0 days 00:01:22.894000,0 days 00:01:23.080000,
2025,24,Abu Dhabi Grand Prix,stroll,Lance Stroll,aston_martin,Aston Martin,15.0,0 days 00:01:23.316000,0 days 00:01:23.097000,
2025,24,Abu Dhabi Grand Prix,hamilton,Lewis Hamilton,ferrari,Ferrari,16.0,0 days 00:01:23.394000,,
2025,24,Abu Dhabi Grand Prix,albon,Alexander Albon,williams,Williams,17.0,0 days 00:01:23.416000,,
2025,24,Abu Dhabi Grand Prix,hulkenberg,Nico Hulkenberg,sauber,Kick Sauber,18.0,0 days 00:01:23.450000,,
2025,24,Abu Dhabi Grand Prix,gasly,Pierre Gasly,alpine,Alpine,19.0,0 days 00:01:23.468000,,
2025,24,Abu Dhabi Grand Prix,colapinto,Franco Colapinto,alpine,Alpine,20.0,0 days 00:01:23.890000,,
